-- Insert partner cards
INSERT INTO partner_cards (id, name) VALUES
('multisport-plus', 'Multisport Plus'),
('multisport-classic', 'Multisport Classic'),
('medicover', 'Medicover'),
('fit-profit', 'Fit Profit'),
('pzu-sport', 'PZU Sport'),
('multisport', 'Multisport');

-- Insert facilities
INSERT INTO facilities (id, name, address, google_maps_link, website, country, location) VALUES
('matchpoint', 'Matchpoint Wrocław', 'Szyszkowa 6, 55-040 Ślęza', 'https://maps.app.goo.gl/Dm2WNmwLiSPtBanZ9', 'https://www.matchpoint.com.pl/', 'POL', ST_SRID(POINT(16.9859901, 51.0405727), 4326)),
('krzycka-park', 'Krzycka Park', 'Powstańców Śląskich 211A, 53-020 Wrocław', 'https://maps.app.goo.gl/BM8n6n7zNntvJRXZ8', 'http://www.krzyckapark.pl/', 'POL', ST_SRID(POINT(17.0069164, 51.0764055), 4326)),
('spartan-pultuska', 'Spartan Pułtuska', 'Pułtuska 13, 53-116 Wrocław', 'https://maps.app.goo.gl/jPBjrkbjsFR7GB9s8', 'https://spartan.wroc.pl/pultuska/tenis', 'POL', ST_SRID(POINT(17.01380056844733, 51.0737154), 4326)),
('spartan-lubinska', 'Spartan Lubinska', 'ul. Lubińska 53, 53-623 Wrocław', 'https://maps.app.goo.gl/2bpBtoohqyhVU96SA', 'https://spartan.wroc.pl/lubinska/tenis', 'POL', ST_SRID(POINT(17.006262, 51.118881), 4326)),
('spartan-spiska', 'Spartan Spiska', 'ul. Spiska 1, 50-562 Wrocław', 'https://maps.app.goo.gl/BRhyRcCt6Vd7koyC8', 'https://spartan.wroc.pl/spiska/tenis', 'POL', ST_SRID(POINT(17.030566, 51.085407), 4326)),
('spartan-krajewskiego', 'Spartan Krajewskiego', 'Rafala Krajewskiego 2, 50-690 Wrocław', 'https://maps.app.goo.gl/GWpJacJpfEjyxWsR6', 'https://spartan.wroc.pl/krajewskiego/', 'POL', ST_SRID(POINT(17.09615418438255, 51.109652754511735), 4326)),
('redeco', 'Redeco', 'al. Generała Józefa Hallera 81A, 53-325 Wrocław', 'https://maps.app.goo.gl/JB32kdVwZSP8E3DJ8', 'https://redeco.pl', 'POL', ST_SRID(POINT(16.9970916, 51.0905672), 4326)),
('vario-sport', 'Vario Sport', 'Parkowa 32, 55-010 Żerniki Wrocławskie', 'https://maps.app.goo.gl/qh9DuwG1KUz9o5cZ7', 'https://www.twojtenis.pl/pl/kluby/vario_sport/info.html', 'POL', ST_SRID(POINT(17.046740147356687, 51.03525535), 4326)),
('winners', 'Winner''s Tenis Club', 'ul. Kominiarska 42, 51-180 Wrocław', 'https://maps.app.goo.gl/6fn5UrsWGKmejWQLA', 'http://winnerstennisclub.pl', 'POL', ST_SRID(POINT(17.004297, 51.171542), 4326)),
('olesnicki-klub-tenisowy', 'Oleśnicki Klub Tenisowy', 'Rabarbarowa 7, 56-400 OLEŚNICA', 'https://maps.app.goo.gl/5WGKjGSHppaXjnh77', 'https://www.twojtenis.pl/pl/kluby/olesnicki_klub_tenisowy/info.html', 'POL', ST_SRID(POINT(17.3740835, 51.2269381), 4326)),
('kosmos-arena', 'KosmoS Arena', 'ul.Mieroszowska 2 (róg Kosmonautów), 54-034 Wrocław', 'https://maps.app.goo.gl/zPKhWBUSApd4LKMX7', 'https://kosmosarena.pl/', 'POL', ST_SRID(POINT(16.893473, 51.1429395), 4326)),
('gem', 'Hala Tenisowa Hotel Gem', 'Józefa Mianowskiego 2B, 51-605 Wrocław', 'https://maps.app.goo.gl/rnYYGhw3bookeDak9', 'https://gemhotel.pl/obiekty-sportowe/hala-tenisowa-i-korty/', 'POL', ST_SRID(POINT(17.071142387251637, 51.1260707), 4326)),
('fittenis', 'Fittenis', 'Macedońska 11, 51-113 Wrocław', 'https://maps.app.goo.gl/kpP8x1QKB6R3Lt6v8', 'https://teniswroclaw.com.pl', 'POL', ST_SRID(POINT(17.0310476, 51.1343496), 4326)),
('awf-hala-tenisowa', 'AWF Hala Tenisowa', 'Stadion Olimpijski, al Ignacego Jana Paderewskiego 35, 51-612 Wrocław', 'https://maps.app.goo.gl/MYnpGY1QLNvShmqS8', 'https://www.twojtenis.pl/pl/kluby/awf_hala_tenisowa/info.html', 'POL', ST_SRID(POINT(17.091436884615387, 51.11874415), 4326)),
('topacz', 'Topacz', 'Główna 12d, 55-040 Kobierzyce', 'https://maps.app.goo.gl/QB1ryMXQcvCaqgFLA', 'https://www.js-tenis.pl/oferta/', 'POL', ST_SRID(POINT(16.9898139, 51.034292), 4326)),
('omega-sport', 'Omega sport', 'Granitowa 4, 55-080 Smolec', 'https://maps.app.goo.gl/ts2aZsTmmZRsKejg7', 'https://www.smolecsport.pl/oferta/tenis/wynajem-kortu.html', 'POL', ST_SRID(POINT(16.9064912, 51.0842206), 4326)),
('klokoczyce', 'Centrum Tenisowe Kłokoczyce', 'Kłokoczycka 5, 51-376 Wrocław', 'https://maps.app.goo.gl/2Qc652uw7wsLiHC89', 'https://app.tenis4u.pl/#/court/263', 'POL', ST_SRID(POINT(17.1118552, 51.1525319), 4326)),
('olimpijski-club', 'Olimpijski Club', 'al. Ignacego Jana Paderewskiego 35, 51-612 Wrocław', 'https://maps.app.goo.gl/kRtYtYA4FH1PApEPA', 'https://olimpijskiclub.pl', 'POL', ST_SRID(POINT(17.0905595, 51.1174365), 4326)),
('lotnicza', 'Lotnicza', 'Lotnicza 72, 54-155 Wrocław', 'https://maps.app.goo.gl/ZrJuUfh5uuiSEX3XA', 'http://www.lotniczatennisclub.pl/', 'POL', ST_SRID(POINT(16.9588373, 51.1319632), 4326)),
('morskie-oko', 'Centrum Sportowe Morskie Oko', 'Fryderyka Chopina 27, 51-609 Wrocław', 'https://maps.app.goo.gl/7d4TMJ2sEEQnRBne6', 'http://www.kortymorskieoko.pl/', 'POL', ST_SRID(POINT(17.0839662, 51.1222323), 4326)),
('k69', 'K69 - Health & Performance', 'Kozanowska 69, 54-152 Wrocław', 'https://maps.app.goo.gl/fGXf9QkEhQkiuoie6', 'https://k69.com.pl/oferta/tenis/', 'POL', ST_SRID(POINT(16.972570, 51.139351), 4326));

-- Insert facility partner cards
INSERT INTO facility_partner_cards (facility_id, partner_card_id) VALUES
('matchpoint', 'multisport-plus'),
('krzycka-park', 'multisport-classic'),
('krzycka-park', 'multisport-plus'),
('spartan-pultuska', 'multisport-plus'),
('spartan-pultuska', 'multisport-classic'),
('spartan-pultuska', 'medicover'),
('spartan-pultuska', 'fit-profit'),
('spartan-pultuska', 'pzu-sport'),
('spartan-lubinska', 'multisport-plus'),
('spartan-lubinska', 'multisport-classic'),
('spartan-lubinska', 'medicover'),
('spartan-lubinska', 'fit-profit'),
('spartan-lubinska', 'pzu-sport'),
('spartan-spiska', 'multisport-plus'),
('spartan-spiska', 'multisport-classic'),
('spartan-spiska', 'medicover'),
('spartan-spiska', 'fit-profit'),
('spartan-spiska', 'pzu-sport'),
('spartan-krajewskiego', 'multisport-plus'),
('spartan-krajewskiego', 'multisport-classic'),
('spartan-krajewskiego', 'medicover'),
('spartan-krajewskiego', 'fit-profit'),
('spartan-krajewskiego', 'pzu-sport'),
('redeco', 'multisport-plus'),
('winners', 'multisport-plus'),
('winners', 'multisport-classic'),
('olesnicki-klub-tenisowy', 'multisport'),
('gem', 'multisport-plus'),
('gem', 'multisport-classic'),
('fittenis', 'multisport'),
('awf-hala-tenisowa', 'multisport-plus'),
('awf-hala-tenisowa', 'multisport-classic'),
('olimpijski-club', 'multisport-plus'),
('olimpijski-club', 'multisport-classic'),
('lotnicza', 'multisport-plus'),
('lotnicza', 'multisport-classic'),
('morskie-oko', 'multisport-plus'),
('morskie-oko', 'multisport-classic'),
('k69', 'multisport-plus'); 